_0PipesId.id,_0PipesId.fromNode,_0PipesId.toNode,_0PipesId.fromNodeType,_0PipesId.toNodeType,_0PipesId.minFlow,_0PipesId.maxFlow,_0PipesId.initialFlow,_0PipesId.operationCost,_0PipesId.pulseEfficiency,_0PipesId.hydroelectricEfficiency,_0PipesId.pulseHeight,_0PipesId.hydroelectricHeight,_0PipesId.name,_1PeriodsValue,value
1,1,1,2,5,0,2.4,0,2000,100,100,0,0,Pipe 1,1,1
1,1,1,2,5,0,2.4,0,2000,100,100,0,0,Pipe 1,2,1
1,1,1,2,5,0,2.4,0,2000,100,100,0,0,Pipe 1,3,1
1,1,1,2,5,0,2.4,0,2000,100,100,0,0,Pipe 1,4,1
1,1,1,2,5,0,2.4,0,2000,100,100,0,0,Pipe 1,5,1
1,1,1,2,5,0,2.4,0,2000,100,100,0,0,Pipe 1,6,1
1,1,1,2,5,0,2.4,0,2000,100,100,0,0,Pipe 1,7,1
1,1,1,2,5,0,2.4,0,2000,100,100,0,0,Pipe 1,8,1
1,1,1,2,5,0,2.4,0,2000,100,100,0,0,Pipe 1,9,1
1,1,1,2,5,0,2.4,0,2000,100,100,0,0,Pipe 1,10,1
1,1,1,2,5,0,2.4,0,2000,100,100,0,0,Pipe 1,11,1
1,1,1,2,5,0,2.4,0,2000,100,100,0,0,Pipe 1,12,1
1,1,1,2,5,0,2.4,0,2000,100,100,0,0,Pipe 1,13,1
1,1,1,2,5,0,2.4,0,2000,100,100,0,0,Pipe 1,14,1
1,1,1,2,5,0,2.4,0,2000,100,100,0,0,Pipe 1,15,1
1,1,1,2,5,0,2.4,0,2000,100,100,0,0,Pipe 1,16,1
1,1,1,2,5,0,2.4,0,2000,100,100,0,0,Pipe 1,17,1
1,1,1,2,5,0,2.4,0,2000,100,100,0,0,Pipe 1,18,1
1,1,1,2,5,0,2.4,0,2000,100,100,0,0,Pipe 1,19,1
1,1,1,2,5,0,2.4,0,2000,100,100,0,0,Pipe 1,20,1
1,1,1,2,5,0,2.4,0,2000,100,100,0,0,Pipe 1,21,1
1,1,1,2,5,0,2.4,0,2000,100,100,0,0,Pipe 1,22,1
1,1,1,2,5,0,2.4,0,2000,100,100,0,0,Pipe 1,23,1
1,1,1,2,5,0,2.4,0,2000,100,100,0,0,Pipe 1,24,1
2,1,1,5,8,0,1.3,0.2,0,100,100,0,0,Pipe 2,1,0
2,1,1,5,8,0,1.3,0.2,0,100,100,0,0,Pipe 2,2,0
2,1,1,5,8,0,1.3,0.2,0,100,100,0,0,Pipe 2,3,0
2,1,1,5,8,0,1.3,0.2,0,100,100,0,0,Pipe 2,4,0
2,1,1,5,8,0,1.3,0.2,0,100,100,0,0,Pipe 2,5,0
2,1,1,5,8,0,1.3,0.2,0,100,100,0,0,Pipe 2,6,0
2,1,1,5,8,0,1.3,0.2,0,100,100,0,0,Pipe 2,7,0
2,1,1,5,8,0,1.3,0.2,0,100,100,0,0,Pipe 2,8,0
2,1,1,5,8,0,1.3,0.2,0,100,100,0,0,Pipe 2,9,0
2,1,1,5,8,0,1.3,0.2,0,100,100,0,0,Pipe 2,10,0
2,1,1,5,8,0,1.3,0.2,0,100,100,0,0,Pipe 2,11,0
2,1,1,5,8,0,1.3,0.2,0,100,100,0,0,Pipe 2,12,0
2,1,1,5,8,0,1.3,0.2,0,100,100,0,0,Pipe 2,13,0
2,1,1,5,8,0,1.3,0.2,0,100,100,0,0,Pipe 2,14,0
2,1,1,5,8,0,1.3,0.2,0,100,100,0,0,Pipe 2,15,0
2,1,1,5,8,0,1.3,0.2,0,100,100,0,0,Pipe 2,16,0
2,1,1,5,8,0,1.3,0.2,0,100,100,0,0,Pipe 2,17,0
2,1,1,5,8,0,1.3,0.2,0,100,100,0,0,Pipe 2,18,0
2,1,1,5,8,0,1.3,0.2,0,100,100,0,0,Pipe 2,19,0
2,1,1,5,8,0,1.3,0.2,0,100,100,0,0,Pipe 2,20,0
2,1,1,5,8,0,1.3,0.2,0,100,100,0,0,Pipe 2,21,0
2,1,1,5,8,0,1.3,0.2,0,100,100,0,0,Pipe 2,22,0
2,1,1,5,8,0,1.3,0.2,0,100,100,0,0,Pipe 2,23,0
2,1,1,5,8,0,1.3,0.2,0,100,100,0,0,Pipe 2,24,0
3,2,2,5,4,0,16,0,5000,100,100,0,0,Pipe 3,1,1
3,2,2,5,4,0,16,0,5000,100,100,0,0,Pipe 3,2,1
3,2,2,5,4,0,16,0,5000,100,100,0,0,Pipe 3,3,1
3,2,2,5,4,0,16,0,5000,100,100,0,0,Pipe 3,4,1
3,2,2,5,4,0,16,0,5000,100,100,0,0,Pipe 3,5,1
3,2,2,5,4,0,16,0,5000,100,100,0,0,Pipe 3,6,1
3,2,2,5,4,0,16,0,5000,100,100,0,0,Pipe 3,7,1
3,2,2,5,4,0,16,0,5000,100,100,0,0,Pipe 3,8,1
3,2,2,5,4,0,16,0,5000,100,100,0,0,Pipe 3,9,0
3,2,2,5,4,0,16,0,5000,100,100,0,0,Pipe 3,10,0
3,2,2,5,4,0,16,0,5000,100,100,0,0,Pipe 3,11,0
3,2,2,5,4,0,16,0,5000,100,100,0,0,Pipe 3,12,0
3,2,2,5,4,0,16,0,5000,100,100,0,0,Pipe 3,13,0
3,2,2,5,4,0,16,0,5000,100,100,0,0,Pipe 3,14,0
3,2,2,5,4,0,16,0,5000,100,100,0,0,Pipe 3,15,0
3,2,2,5,4,0,16,0,5000,100,100,0,0,Pipe 3,16,0
3,2,2,5,4,0,16,0,5000,100,100,0,0,Pipe 3,17,0
3,2,2,5,4,0,16,0,5000,100,100,0,0,Pipe 3,18,0
3,2,2,5,4,0,16,0,5000,100,100,0,0,Pipe 3,19,0
3,2,2,5,4,0,16,0,5000,100,100,0,0,Pipe 3,20,0
3,2,2,5,4,0,16,0,5000,100,100,0,0,Pipe 3,21,0
3,2,2,5,4,0,16,0,5000,100,100,0,0,Pipe 3,22,0
3,2,2,5,4,0,16,0,5000,100,100,0,0,Pipe 3,23,0
3,2,2,5,4,0,16,0,5000,100,100,0,0,Pipe 3,24,0
4,3,1,5,4,0,6,0,5000,100,100,0,0,Pipe 4,1,1
4,3,1,5,4,0,6,0,5000,100,100,0,0,Pipe 4,2,1
4,3,1,5,4,0,6,0,5000,100,100,0,0,Pipe 4,3,0
4,3,1,5,4,0,6,0,5000,100,100,0,0,Pipe 4,4,0
4,3,1,5,4,0,6,0,5000,100,100,0,0,Pipe 4,5,0
4,3,1,5,4,0,6,0,5000,100,100,0,0,Pipe 4,6,1
4,3,1,5,4,0,6,0,5000,100,100,0,0,Pipe 4,7,0
4,3,1,5,4,0,6,0,5000,100,100,0,0,Pipe 4,8,0
4,3,1,5,4,0,6,0,5000,100,100,0,0,Pipe 4,9,0
4,3,1,5,4,0,6,0,5000,100,100,0,0,Pipe 4,10,0
4,3,1,5,4,0,6,0,5000,100,100,0,0,Pipe 4,11,0
4,3,1,5,4,0,6,0,5000,100,100,0,0,Pipe 4,12,0
4,3,1,5,4,0,6,0,5000,100,100,0,0,Pipe 4,13,0
4,3,1,5,4,0,6,0,5000,100,100,0,0,Pipe 4,14,0
4,3,1,5,4,0,6,0,5000,100,100,0,0,Pipe 4,15,0
4,3,1,5,4,0,6,0,5000,100,100,0,0,Pipe 4,16,0
4,3,1,5,4,0,6,0,5000,100,100,0,0,Pipe 4,17,0
4,3,1,5,4,0,6,0,5000,100,100,0,0,Pipe 4,18,0
4,3,1,5,4,0,6,0,5000,100,100,0,0,Pipe 4,19,0
4,3,1,5,4,0,6,0,5000,100,100,0,0,Pipe 4,20,0
4,3,1,5,4,0,6,0,5000,100,100,0,0,Pipe 4,21,0
4,3,1,5,4,0,6,0,5000,100,100,0,0,Pipe 4,22,1
4,3,1,5,4,0,6,0,5000,100,100,0,0,Pipe 4,23,0
4,3,1,5,4,0,6,0,5000,100,100,0,0,Pipe 4,24,0
5,2,1,4,4,0,16,0,6000,100,100,0,0,Pipe 5,1,0
5,2,1,4,4,0,16,0,6000,100,100,0,0,Pipe 5,2,0
5,2,1,4,4,0,16,0,6000,100,100,0,0,Pipe 5,3,0
5,2,1,4,4,0,16,0,6000,100,100,0,0,Pipe 5,4,0
5,2,1,4,4,0,16,0,6000,100,100,0,0,Pipe 5,5,0
5,2,1,4,4,0,16,0,6000,100,100,0,0,Pipe 5,6,0
5,2,1,4,4,0,16,0,6000,100,100,0,0,Pipe 5,7,0
5,2,1,4,4,0,16,0,6000,100,100,0,0,Pipe 5,8,0
5,2,1,4,4,0,16,0,6000,100,100,0,0,Pipe 5,9,0
5,2,1,4,4,0,16,0,6000,100,100,0,0,Pipe 5,10,0
5,2,1,4,4,0,16,0,6000,100,100,0,0,Pipe 5,11,0
5,2,1,4,4,0,16,0,6000,100,100,0,0,Pipe 5,12,0
5,2,1,4,4,0,16,0,6000,100,100,0,0,Pipe 5,13,0
5,2,1,4,4,0,16,0,6000,100,100,0,0,Pipe 5,14,0
5,2,1,4,4,0,16,0,6000,100,100,0,0,Pipe 5,15,0
5,2,1,4,4,0,16,0,6000,100,100,0,0,Pipe 5,16,0
5,2,1,4,4,0,16,0,6000,100,100,0,0,Pipe 5,17,0
5,2,1,4,4,0,16,0,6000,100,100,0,0,Pipe 5,18,0
5,2,1,4,4,0,16,0,6000,100,100,0,0,Pipe 5,19,0
5,2,1,4,4,0,16,0,6000,100,100,0,0,Pipe 5,20,0
5,2,1,4,4,0,16,0,6000,100,100,0,0,Pipe 5,21,0
5,2,1,4,4,0,16,0,6000,100,100,0,0,Pipe 5,22,0
5,2,1,4,4,0,16,0,6000,100,100,0,0,Pipe 5,23,0
5,2,1,4,4,0,16,0,6000,100,100,0,0,Pipe 5,24,0
6,1,2,4,8,0,3,0,0,100,100,0,0,Pipe 6,1,0
6,1,2,4,8,0,3,0,0,100,100,0,0,Pipe 6,2,0
6,1,2,4,8,0,3,0,0,100,100,0,0,Pipe 6,3,0
6,1,2,4,8,0,3,0,0,100,100,0,0,Pipe 6,4,0
6,1,2,4,8,0,3,0,0,100,100,0,0,Pipe 6,5,0
6,1,2,4,8,0,3,0,0,100,100,0,0,Pipe 6,6,0
6,1,2,4,8,0,3,0,0,100,100,0,0,Pipe 6,7,0
6,1,2,4,8,0,3,0,0,100,100,0,0,Pipe 6,8,0
6,1,2,4,8,0,3,0,0,100,100,0,0,Pipe 6,9,0
6,1,2,4,8,0,3,0,0,100,100,0,0,Pipe 6,10,0
6,1,2,4,8,0,3,0,0,100,100,0,0,Pipe 6,11,0
6,1,2,4,8,0,3,0,0,100,100,0,0,Pipe 6,12,0
6,1,2,4,8,0,3,0,0,100,100,0,0,Pipe 6,13,0
6,1,2,4,8,0,3,0,0,100,100,0,0,Pipe 6,14,0
6,1,2,4,8,0,3,0,0,100,100,0,0,Pipe 6,15,0
6,1,2,4,8,0,3,0,0,100,100,0,0,Pipe 6,16,0
6,1,2,4,8,0,3,0,0,100,100,0,0,Pipe 6,17,0
6,1,2,4,8,0,3,0,0,100,100,0,0,Pipe 6,18,0
6,1,2,4,8,0,3,0,0,100,100,0,0,Pipe 6,19,0
6,1,2,4,8,0,3,0,0,100,100,0,0,Pipe 6,20,0
6,1,2,4,8,0,3,0,0,100,100,0,0,Pipe 6,21,0
6,1,2,4,8,0,3,0,0,100,100,0,0,Pipe 6,22,0
6,1,2,4,8,0,3,0,0,100,100,0,0,Pipe 6,23,0
6,1,2,4,8,0,3,0,0,100,100,0,0,Pipe 6,24,0
7,1,3,3,5,0,2.5,0.1,4000,100,100,0,0,Pipe 7,1,1
7,1,3,3,5,0,2.5,0.1,4000,100,100,0,0,Pipe 7,2,0
7,1,3,3,5,0,2.5,0.1,4000,100,100,0,0,Pipe 7,3,0
7,1,3,3,5,0,2.5,0.1,4000,100,100,0,0,Pipe 7,4,0
7,1,3,3,5,0,2.5,0.1,4000,100,100,0,0,Pipe 7,5,0
7,1,3,3,5,0,2.5,0.1,4000,100,100,0,0,Pipe 7,6,0
7,1,3,3,5,0,2.5,0.1,4000,100,100,0,0,Pipe 7,7,0
7,1,3,3,5,0,2.5,0.1,4000,100,100,0,0,Pipe 7,8,0
7,1,3,3,5,0,2.5,0.1,4000,100,100,0,0,Pipe 7,9,0
7,1,3,3,5,0,2.5,0.1,4000,100,100,0,0,Pipe 7,10,0
7,1,3,3,5,0,2.5,0.1,4000,100,100,0,0,Pipe 7,11,0
7,1,3,3,5,0,2.5,0.1,4000,100,100,0,0,Pipe 7,12,0
7,1,3,3,5,0,2.5,0.1,4000,100,100,0,0,Pipe 7,13,0
7,1,3,3,5,0,2.5,0.1,4000,100,100,0,0,Pipe 7,14,0
7,1,3,3,5,0,2.5,0.1,4000,100,100,0,0,Pipe 7,15,0
7,1,3,3,5,0,2.5,0.1,4000,100,100,0,0,Pipe 7,16,0
7,1,3,3,5,0,2.5,0.1,4000,100,100,0,0,Pipe 7,17,0
7,1,3,3,5,0,2.5,0.1,4000,100,100,0,0,Pipe 7,18,0
7,1,3,3,5,0,2.5,0.1,4000,100,100,0,0,Pipe 7,19,0
7,1,3,3,5,0,2.5,0.1,4000,100,100,0,0,Pipe 7,20,0
7,1,3,3,5,0,2.5,0.1,4000,100,100,0,0,Pipe 7,21,0
7,1,3,3,5,0,2.5,0.1,4000,100,100,0,0,Pipe 7,22,0
7,1,3,3,5,0,2.5,0.1,4000,100,100,0,0,Pipe 7,23,0
7,1,3,3,5,0,2.5,0.1,4000,100,100,0,0,Pipe 7,24,0
8,5,3,2,2,0,2.5,0.1,0,100,100,0,0,Pipe 8,1,0
8,5,3,2,2,0,2.5,0.1,0,100,100,0,0,Pipe 8,2,0
8,5,3,2,2,0,2.5,0.1,0,100,100,0,0,Pipe 8,3,0
8,5,3,2,2,0,2.5,0.1,0,100,100,0,0,Pipe 8,4,0
8,5,3,2,2,0,2.5,0.1,0,100,100,0,0,Pipe 8,5,0
8,5,3,2,2,0,2.5,0.1,0,100,100,0,0,Pipe 8,6,0
8,5,3,2,2,0,2.5,0.1,0,100,100,0,0,Pipe 8,7,0
8,5,3,2,2,0,2.5,0.1,0,100,100,0,0,Pipe 8,8,0
8,5,3,2,2,0,2.5,0.1,0,100,100,0,0,Pipe 8,9,0
8,5,3,2,2,0,2.5,0.1,0,100,100,0,0,Pipe 8,10,0
8,5,3,2,2,0,2.5,0.1,0,100,100,0,0,Pipe 8,11,0
8,5,3,2,2,0,2.5,0.1,0,100,100,0,0,Pipe 8,12,0
8,5,3,2,2,0,2.5,0.1,0,100,100,0,0,Pipe 8,13,0
8,5,3,2,2,0,2.5,0.1,0,100,100,0,0,Pipe 8,14,0
8,5,3,2,2,0,2.5,0.1,0,100,100,0,0,Pipe 8,15,0
8,5,3,2,2,0,2.5,0.1,0,100,100,0,0,Pipe 8,16,0
8,5,3,2,2,0,2.5,0.1,0,100,100,0,0,Pipe 8,17,0
8,5,3,2,2,0,2.5,0.1,0,100,100,0,0,Pipe 8,18,0
8,5,3,2,2,0,2.5,0.1,0,100,100,0,0,Pipe 8,19,0
8,5,3,2,2,0,2.5,0.1,0,100,100,0,0,Pipe 8,20,0
8,5,3,2,2,0,2.5,0.1,0,100,100,0,0,Pipe 8,21,0
8,5,3,2,2,0,2.5,0.1,0,100,100,0,0,Pipe 8,22,0
8,5,3,2,2,0,2.5,0.1,0,100,100,0,0,Pipe 8,23,0
8,5,3,2,2,0,2.5,0.1,0,100,100,0,0,Pipe 8,24,0
9,3,4,3,5,0,2.5,0.1,0,100,100,0,0,Pipe 9,1,0
9,3,4,3,5,0,2.5,0.1,0,100,100,0,0,Pipe 9,2,0
9,3,4,3,5,0,2.5,0.1,0,100,100,0,0,Pipe 9,3,0
9,3,4,3,5,0,2.5,0.1,0,100,100,0,0,Pipe 9,4,0
9,3,4,3,5,0,2.5,0.1,0,100,100,0,0,Pipe 9,5,0
9,3,4,3,5,0,2.5,0.1,0,100,100,0,0,Pipe 9,6,0
9,3,4,3,5,0,2.5,0.1,0,100,100,0,0,Pipe 9,7,0
9,3,4,3,5,0,2.5,0.1,0,100,100,0,0,Pipe 9,8,0
9,3,4,3,5,0,2.5,0.1,0,100,100,0,0,Pipe 9,9,0
9,3,4,3,5,0,2.5,0.1,0,100,100,0,0,Pipe 9,10,0
9,3,4,3,5,0,2.5,0.1,0,100,100,0,0,Pipe 9,11,0
9,3,4,3,5,0,2.5,0.1,0,100,100,0,0,Pipe 9,12,0
9,3,4,3,5,0,2.5,0.1,0,100,100,0,0,Pipe 9,13,0
9,3,4,3,5,0,2.5,0.1,0,100,100,0,0,Pipe 9,14,0
9,3,4,3,5,0,2.5,0.1,0,100,100,0,0,Pipe 9,15,0
9,3,4,3,5,0,2.5,0.1,0,100,100,0,0,Pipe 9,16,0
9,3,4,3,5,0,2.5,0.1,0,100,100,0,0,Pipe 9,17,0
9,3,4,3,5,0,2.5,0.1,0,100,100,0,0,Pipe 9,18,0
9,3,4,3,5,0,2.5,0.1,0,100,100,0,0,Pipe 9,19,0
9,3,4,3,5,0,2.5,0.1,0,100,100,0,0,Pipe 9,20,0
9,3,4,3,5,0,2.5,0.1,0,100,100,0,0,Pipe 9,21,0
9,3,4,3,5,0,2.5,0.1,0,100,100,0,0,Pipe 9,22,0
9,3,4,3,5,0,2.5,0.1,0,100,100,0,0,Pipe 9,23,0
9,3,4,3,5,0,2.5,0.1,0,100,100,0,0,Pipe 9,24,0
10,4,4,5,8,0,2.5,0.1,2000,100,100,0,0,Pipe 10,1,1
10,4,4,5,8,0,2.5,0.1,2000,100,100,0,0,Pipe 10,2,1
10,4,4,5,8,0,2.5,0.1,2000,100,100,0,0,Pipe 10,3,1
10,4,4,5,8,0,2.5,0.1,2000,100,100,0,0,Pipe 10,4,1
10,4,4,5,8,0,2.5,0.1,2000,100,100,0,0,Pipe 10,5,1
10,4,4,5,8,0,2.5,0.1,2000,100,100,0,0,Pipe 10,6,1
10,4,4,5,8,0,2.5,0.1,2000,100,100,0,0,Pipe 10,7,1
10,4,4,5,8,0,2.5,0.1,2000,100,100,0,0,Pipe 10,8,1
10,4,4,5,8,0,2.5,0.1,2000,100,100,0,0,Pipe 10,9,1
10,4,4,5,8,0,2.5,0.1,2000,100,100,0,0,Pipe 10,10,1
10,4,4,5,8,0,2.5,0.1,2000,100,100,0,0,Pipe 10,11,1
10,4,4,5,8,0,2.5,0.1,2000,100,100,0,0,Pipe 10,12,1
10,4,4,5,8,0,2.5,0.1,2000,100,100,0,0,Pipe 10,13,1
10,4,4,5,8,0,2.5,0.1,2000,100,100,0,0,Pipe 10,14,1
10,4,4,5,8,0,2.5,0.1,2000,100,100,0,0,Pipe 10,15,1
10,4,4,5,8,0,2.5,0.1,2000,100,100,0,0,Pipe 10,16,1
10,4,4,5,8,0,2.5,0.1,2000,100,100,0,0,Pipe 10,17,1
10,4,4,5,8,0,2.5,0.1,2000,100,100,0,0,Pipe 10,18,1
10,4,4,5,8,0,2.5,0.1,2000,100,100,0,0,Pipe 10,19,1
10,4,4,5,8,0,2.5,0.1,2000,100,100,0,0,Pipe 10,20,1
10,4,4,5,8,0,2.5,0.1,2000,100,100,0,0,Pipe 10,21,1
10,4,4,5,8,0,2.5,0.1,2000,100,100,0,0,Pipe 10,22,1
10,4,4,5,8,0,2.5,0.1,2000,100,100,0,0,Pipe 10,23,1
10,4,4,5,8,0,2.5,0.1,2000,100,100,0,0,Pipe 10,24,1
11,4,3,5,8,0,2.5,0.1,2000,100,100,0,0,Pipe 11,1,1
11,4,3,5,8,0,2.5,0.1,2000,100,100,0,0,Pipe 11,2,1
11,4,3,5,8,0,2.5,0.1,2000,100,100,0,0,Pipe 11,3,1
11,4,3,5,8,0,2.5,0.1,2000,100,100,0,0,Pipe 11,4,1
11,4,3,5,8,0,2.5,0.1,2000,100,100,0,0,Pipe 11,5,1
11,4,3,5,8,0,2.5,0.1,2000,100,100,0,0,Pipe 11,6,1
11,4,3,5,8,0,2.5,0.1,2000,100,100,0,0,Pipe 11,7,1
11,4,3,5,8,0,2.5,0.1,2000,100,100,0,0,Pipe 11,8,1
11,4,3,5,8,0,2.5,0.1,2000,100,100,0,0,Pipe 11,9,1
11,4,3,5,8,0,2.5,0.1,2000,100,100,0,0,Pipe 11,10,1
11,4,3,5,8,0,2.5,0.1,2000,100,100,0,0,Pipe 11,11,1
11,4,3,5,8,0,2.5,0.1,2000,100,100,0,0,Pipe 11,12,1
11,4,3,5,8,0,2.5,0.1,2000,100,100,0,0,Pipe 11,13,1
11,4,3,5,8,0,2.5,0.1,2000,100,100,0,0,Pipe 11,14,1
11,4,3,5,8,0,2.5,0.1,2000,100,100,0,0,Pipe 11,15,1
11,4,3,5,8,0,2.5,0.1,2000,100,100,0,0,Pipe 11,16,1
11,4,3,5,8,0,2.5,0.1,2000,100,100,0,0,Pipe 11,17,1
11,4,3,5,8,0,2.5,0.1,2000,100,100,0,0,Pipe 11,18,1
11,4,3,5,8,0,2.5,0.1,2000,100,100,0,0,Pipe 11,19,1
11,4,3,5,8,0,2.5,0.1,2000,100,100,0,0,Pipe 11,20,1
11,4,3,5,8,0,2.5,0.1,2000,100,100,0,0,Pipe 11,21,1
11,4,3,5,8,0,2.5,0.1,2000,100,100,0,0,Pipe 11,22,1
11,4,3,5,8,0,2.5,0.1,2000,100,100,0,0,Pipe 11,23,1
11,4,3,5,8,0,2.5,0.1,2000,100,100,0,0,Pipe 11,24,1
12,4,6,4,5,0,2.5,0.1,0,100,100,0,0,Pipe 12,1,0
12,4,6,4,5,0,2.5,0.1,0,100,100,0,0,Pipe 12,2,0
12,4,6,4,5,0,2.5,0.1,0,100,100,0,0,Pipe 12,3,0
12,4,6,4,5,0,2.5,0.1,0,100,100,0,0,Pipe 12,4,0
12,4,6,4,5,0,2.5,0.1,0,100,100,0,0,Pipe 12,5,0
12,4,6,4,5,0,2.5,0.1,0,100,100,0,0,Pipe 12,6,0
12,4,6,4,5,0,2.5,0.1,0,100,100,0,0,Pipe 12,7,0
12,4,6,4,5,0,2.5,0.1,0,100,100,0,0,Pipe 12,8,0
12,4,6,4,5,0,2.5,0.1,0,100,100,0,0,Pipe 12,9,0
12,4,6,4,5,0,2.5,0.1,0,100,100,0,0,Pipe 12,10,0
12,4,6,4,5,0,2.5,0.1,0,100,100,0,0,Pipe 12,11,0
12,4,6,4,5,0,2.5,0.1,0,100,100,0,0,Pipe 12,12,0
12,4,6,4,5,0,2.5,0.1,0,100,100,0,0,Pipe 12,13,0
12,4,6,4,5,0,2.5,0.1,0,100,100,0,0,Pipe 12,14,0
12,4,6,4,5,0,2.5,0.1,0,100,100,0,0,Pipe 12,15,0
12,4,6,4,5,0,2.5,0.1,0,100,100,0,0,Pipe 12,16,0
12,4,6,4,5,0,2.5,0.1,0,100,100,0,0,Pipe 12,17,0
12,4,6,4,5,0,2.5,0.1,0,100,100,0,0,Pipe 12,18,0
12,4,6,4,5,0,2.5,0.1,0,100,100,0,0,Pipe 12,19,0
12,4,6,4,5,0,2.5,0.1,0,100,100,0,0,Pipe 12,20,0
12,4,6,4,5,0,2.5,0.1,0,100,100,0,0,Pipe 12,21,0
12,4,6,4,5,0,2.5,0.1,0,100,100,0,0,Pipe 12,22,0
12,4,6,4,5,0,2.5,0.1,0,100,100,0,0,Pipe 12,23,0
12,4,6,4,5,0,2.5,0.1,0,100,100,0,0,Pipe 12,24,0
13,2,6,3,8,0,2.5,0.1,0,100,100,0,0,Pipe 13,1,0
13,2,6,3,8,0,2.5,0.1,0,100,100,0,0,Pipe 13,2,0
13,2,6,3,8,0,2.5,0.1,0,100,100,0,0,Pipe 13,3,0
13,2,6,3,8,0,2.5,0.1,0,100,100,0,0,Pipe 13,4,0
13,2,6,3,8,0,2.5,0.1,0,100,100,0,0,Pipe 13,5,0
13,2,6,3,8,0,2.5,0.1,0,100,100,0,0,Pipe 13,6,0
13,2,6,3,8,0,2.5,0.1,0,100,100,0,0,Pipe 13,7,0
13,2,6,3,8,0,2.5,0.1,0,100,100,0,0,Pipe 13,8,0
13,2,6,3,8,0,2.5,0.1,0,100,100,0,0,Pipe 13,9,0
13,2,6,3,8,0,2.5,0.1,0,100,100,0,0,Pipe 13,10,0
13,2,6,3,8,0,2.5,0.1,0,100,100,0,0,Pipe 13,11,0
13,2,6,3,8,0,2.5,0.1,0,100,100,0,0,Pipe 13,12,0
13,2,6,3,8,0,2.5,0.1,0,100,100,0,0,Pipe 13,13,0
13,2,6,3,8,0,2.5,0.1,0,100,100,0,0,Pipe 13,14,0
13,2,6,3,8,0,2.5,0.1,0,100,100,0,0,Pipe 13,15,0
13,2,6,3,8,0,2.5,0.1,0,100,100,0,0,Pipe 13,16,0
13,2,6,3,8,0,2.5,0.1,0,100,100,0,0,Pipe 13,17,0
13,2,6,3,8,0,2.5,0.1,0,100,100,0,0,Pipe 13,18,0
13,2,6,3,8,0,2.5,0.1,0,100,100,0,0,Pipe 13,19,0
13,2,6,3,8,0,2.5,0.1,0,100,100,0,0,Pipe 13,20,0
13,2,6,3,8,0,2.5,0.1,0,100,100,0,0,Pipe 13,21,0
13,2,6,3,8,0,2.5,0.1,0,100,100,0,0,Pipe 13,22,0
13,2,6,3,8,0,2.5,0.1,0,100,100,0,0,Pipe 13,23,0
13,2,6,3,8,0,2.5,0.1,0,100,100,0,0,Pipe 13,24,0
14,6,7,5,8,0,2.5,0.1,0,100,100,0,0,Pipe 14,1,0
14,6,7,5,8,0,2.5,0.1,0,100,100,0,0,Pipe 14,2,0
14,6,7,5,8,0,2.5,0.1,0,100,100,0,0,Pipe 14,3,0
14,6,7,5,8,0,2.5,0.1,0,100,100,0,0,Pipe 14,4,0
14,6,7,5,8,0,2.5,0.1,0,100,100,0,0,Pipe 14,5,0
14,6,7,5,8,0,2.5,0.1,0,100,100,0,0,Pipe 14,6,0
14,6,7,5,8,0,2.5,0.1,0,100,100,0,0,Pipe 14,7,0
14,6,7,5,8,0,2.5,0.1,0,100,100,0,0,Pipe 14,8,0
14,6,7,5,8,0,2.5,0.1,0,100,100,0,0,Pipe 14,9,0
14,6,7,5,8,0,2.5,0.1,0,100,100,0,0,Pipe 14,10,0
14,6,7,5,8,0,2.5,0.1,0,100,100,0,0,Pipe 14,11,0
14,6,7,5,8,0,2.5,0.1,0,100,100,0,0,Pipe 14,12,0
14,6,7,5,8,0,2.5,0.1,0,100,100,0,0,Pipe 14,13,0
14,6,7,5,8,0,2.5,0.1,0,100,100,0,0,Pipe 14,14,0
14,6,7,5,8,0,2.5,0.1,0,100,100,0,0,Pipe 14,15,0
14,6,7,5,8,0,2.5,0.1,0,100,100,0,0,Pipe 14,16,0
14,6,7,5,8,0,2.5,0.1,0,100,100,0,0,Pipe 14,17,0
14,6,7,5,8,0,2.5,0.1,0,100,100,0,0,Pipe 14,18,0
14,6,7,5,8,0,2.5,0.1,0,100,100,0,0,Pipe 14,19,0
14,6,7,5,8,0,2.5,0.1,0,100,100,0,0,Pipe 14,20,0
14,6,7,5,8,0,2.5,0.1,0,100,100,0,0,Pipe 14,21,0
14,6,7,5,8,0,2.5,0.1,0,100,100,0,0,Pipe 14,22,0
14,6,7,5,8,0,2.5,0.1,0,100,100,0,0,Pipe 14,23,0
14,6,7,5,8,0,2.5,0.1,0,100,100,0,0,Pipe 14,24,0
15,6,6,5,8,0,2.5,0.1,2500,100,100,0,0,Pipe 15,1,0
15,6,6,5,8,0,2.5,0.1,2500,100,100,0,0,Pipe 15,2,0
15,6,6,5,8,0,2.5,0.1,2500,100,100,0,0,Pipe 15,3,0
15,6,6,5,8,0,2.5,0.1,2500,100,100,0,0,Pipe 15,4,0
15,6,6,5,8,0,2.5,0.1,2500,100,100,0,0,Pipe 15,5,0
15,6,6,5,8,0,2.5,0.1,2500,100,100,0,0,Pipe 15,6,0
15,6,6,5,8,0,2.5,0.1,2500,100,100,0,0,Pipe 15,7,0
15,6,6,5,8,0,2.5,0.1,2500,100,100,0,0,Pipe 15,8,0
15,6,6,5,8,0,2.5,0.1,2500,100,100,0,0,Pipe 15,9,0
15,6,6,5,8,0,2.5,0.1,2500,100,100,0,0,Pipe 15,10,0
15,6,6,5,8,0,2.5,0.1,2500,100,100,0,0,Pipe 15,11,0
15,6,6,5,8,0,2.5,0.1,2500,100,100,0,0,Pipe 15,12,0
15,6,6,5,8,0,2.5,0.1,2500,100,100,0,0,Pipe 15,13,0
15,6,6,5,8,0,2.5,0.1,2500,100,100,0,0,Pipe 15,14,0
15,6,6,5,8,0,2.5,0.1,2500,100,100,0,0,Pipe 15,15,0
15,6,6,5,8,0,2.5,0.1,2500,100,100,0,0,Pipe 15,16,0
15,6,6,5,8,0,2.5,0.1,2500,100,100,0,0,Pipe 15,17,0
15,6,6,5,8,0,2.5,0.1,2500,100,100,0,0,Pipe 15,18,0
15,6,6,5,8,0,2.5,0.1,2500,100,100,0,0,Pipe 15,19,0
15,6,6,5,8,0,2.5,0.1,2500,100,100,0,0,Pipe 15,20,0
15,6,6,5,8,0,2.5,0.1,2500,100,100,0,0,Pipe 15,21,0
15,6,6,5,8,0,2.5,0.1,2500,100,100,0,0,Pipe 15,22,0
15,6,6,5,8,0,2.5,0.1,2500,100,100,0,0,Pipe 15,23,0
15,6,6,5,8,0,2.5,0.1,2500,100,100,0,0,Pipe 15,24,0
16,5,5,4,5,0,2.5,0.1,0,100,100,0,0,Pipe 16,1,0
16,5,5,4,5,0,2.5,0.1,0,100,100,0,0,Pipe 16,2,0
16,5,5,4,5,0,2.5,0.1,0,100,100,0,0,Pipe 16,3,0
16,5,5,4,5,0,2.5,0.1,0,100,100,0,0,Pipe 16,4,0
16,5,5,4,5,0,2.5,0.1,0,100,100,0,0,Pipe 16,5,0
16,5,5,4,5,0,2.5,0.1,0,100,100,0,0,Pipe 16,6,0
16,5,5,4,5,0,2.5,0.1,0,100,100,0,0,Pipe 16,7,0
16,5,5,4,5,0,2.5,0.1,0,100,100,0,0,Pipe 16,8,0
16,5,5,4,5,0,2.5,0.1,0,100,100,0,0,Pipe 16,9,0
16,5,5,4,5,0,2.5,0.1,0,100,100,0,0,Pipe 16,10,0
16,5,5,4,5,0,2.5,0.1,0,100,100,0,0,Pipe 16,11,0
16,5,5,4,5,0,2.5,0.1,0,100,100,0,0,Pipe 16,12,0
16,5,5,4,5,0,2.5,0.1,0,100,100,0,0,Pipe 16,13,0
16,5,5,4,5,0,2.5,0.1,0,100,100,0,0,Pipe 16,14,0
16,5,5,4,5,0,2.5,0.1,0,100,100,0,0,Pipe 16,15,0
16,5,5,4,5,0,2.5,0.1,0,100,100,0,0,Pipe 16,16,0
16,5,5,4,5,0,2.5,0.1,0,100,100,0,0,Pipe 16,17,0
16,5,5,4,5,0,2.5,0.1,0,100,100,0,0,Pipe 16,18,0
16,5,5,4,5,0,2.5,0.1,0,100,100,0,0,Pipe 16,19,0
16,5,5,4,5,0,2.5,0.1,0,100,100,0,0,Pipe 16,20,0
16,5,5,4,5,0,2.5,0.1,0,100,100,0,0,Pipe 16,21,0
16,5,5,4,5,0,2.5,0.1,0,100,100,0,0,Pipe 16,22,0
16,5,5,4,5,0,2.5,0.1,0,100,100,0,0,Pipe 16,23,0
16,5,5,4,5,0,2.5,0.1,0,100,100,0,0,Pipe 16,24,0
17,5,5,5,8,0,2.5,0.1,0,100,100,0,0,Pipe 17,1,0
17,5,5,5,8,0,2.5,0.1,0,100,100,0,0,Pipe 17,2,0
17,5,5,5,8,0,2.5,0.1,0,100,100,0,0,Pipe 17,3,0
17,5,5,5,8,0,2.5,0.1,0,100,100,0,0,Pipe 17,4,0
17,5,5,5,8,0,2.5,0.1,0,100,100,0,0,Pipe 17,5,0
17,5,5,5,8,0,2.5,0.1,0,100,100,0,0,Pipe 17,6,0
17,5,5,5,8,0,2.5,0.1,0,100,100,0,0,Pipe 17,7,0
17,5,5,5,8,0,2.5,0.1,0,100,100,0,0,Pipe 17,8,0
17,5,5,5,8,0,2.5,0.1,0,100,100,0,0,Pipe 17,9,0
17,5,5,5,8,0,2.5,0.1,0,100,100,0,0,Pipe 17,10,0
17,5,5,5,8,0,2.5,0.1,0,100,100,0,0,Pipe 17,11,0
17,5,5,5,8,0,2.5,0.1,0,100,100,0,0,Pipe 17,12,0
17,5,5,5,8,0,2.5,0.1,0,100,100,0,0,Pipe 17,13,0
17,5,5,5,8,0,2.5,0.1,0,100,100,0,0,Pipe 17,14,0
17,5,5,5,8,0,2.5,0.1,0,100,100,0,0,Pipe 17,15,0
17,5,5,5,8,0,2.5,0.1,0,100,100,0,0,Pipe 17,16,0
17,5,5,5,8,0,2.5,0.1,0,100,100,0,0,Pipe 17,17,0
17,5,5,5,8,0,2.5,0.1,0,100,100,0,0,Pipe 17,18,0
17,5,5,5,8,0,2.5,0.1,0,100,100,0,0,Pipe 17,19,0
17,5,5,5,8,0,2.5,0.1,0,100,100,0,0,Pipe 17,20,0
17,5,5,5,8,0,2.5,0.1,0,100,100,0,0,Pipe 17,21,0
17,5,5,5,8,0,2.5,0.1,0,100,100,0,0,Pipe 17,22,0
17,5,5,5,8,0,2.5,0.1,0,100,100,0,0,Pipe 17,23,0
17,5,5,5,8,0,2.5,0.1,0,100,100,0,0,Pipe 17,24,0
18,2,8,4,8,0,2.5,0.1,0,100,100,0,0,Pipe 18,1,0
18,2,8,4,8,0,2.5,0.1,0,100,100,0,0,Pipe 18,2,0
18,2,8,4,8,0,2.5,0.1,0,100,100,0,0,Pipe 18,3,0
18,2,8,4,8,0,2.5,0.1,0,100,100,0,0,Pipe 18,4,0
18,2,8,4,8,0,2.5,0.1,0,100,100,0,0,Pipe 18,5,0
18,2,8,4,8,0,2.5,0.1,0,100,100,0,0,Pipe 18,6,0
18,2,8,4,8,0,2.5,0.1,0,100,100,0,0,Pipe 18,7,0
18,2,8,4,8,0,2.5,0.1,0,100,100,0,0,Pipe 18,8,0
18,2,8,4,8,0,2.5,0.1,0,100,100,0,0,Pipe 18,9,0
18,2,8,4,8,0,2.5,0.1,0,100,100,0,0,Pipe 18,10,0
18,2,8,4,8,0,2.5,0.1,0,100,100,0,0,Pipe 18,11,0
18,2,8,4,8,0,2.5,0.1,0,100,100,0,0,Pipe 18,12,0
18,2,8,4,8,0,2.5,0.1,0,100,100,0,0,Pipe 18,13,0
18,2,8,4,8,0,2.5,0.1,0,100,100,0,0,Pipe 18,14,0
18,2,8,4,8,0,2.5,0.1,0,100,100,0,0,Pipe 18,15,0
18,2,8,4,8,0,2.5,0.1,0,100,100,0,0,Pipe 18,16,0
18,2,8,4,8,0,2.5,0.1,0,100,100,0,0,Pipe 18,17,0
18,2,8,4,8,0,2.5,0.1,0,100,100,0,0,Pipe 18,18,0
18,2,8,4,8,0,2.5,0.1,0,100,100,0,0,Pipe 18,19,0
18,2,8,4,8,0,2.5,0.1,0,100,100,0,0,Pipe 18,20,0
18,2,8,4,8,0,2.5,0.1,0,100,100,0,0,Pipe 18,21,0
18,2,8,4,8,0,2.5,0.1,0,100,100,0,0,Pipe 18,22,0
18,2,8,4,8,0,2.5,0.1,0,100,100,0,0,Pipe 18,23,0
18,2,8,4,8,0,2.5,0.1,0,100,100,0,0,Pipe 18,24,0
19,3,3,4,5,0,2.5,0.1,10000,100,100,0,0,Pipe 19,1,1
19,3,3,4,5,0,2.5,0.1,10000,100,100,0,0,Pipe 19,2,0
19,3,3,4,5,0,2.5,0.1,10000,100,100,0,0,Pipe 19,3,0
19,3,3,4,5,0,2.5,0.1,10000,100,100,0,0,Pipe 19,4,0
19,3,3,4,5,0,2.5,0.1,10000,100,100,0,0,Pipe 19,5,0
19,3,3,4,5,0,2.5,0.1,10000,100,100,0,0,Pipe 19,6,0
19,3,3,4,5,0,2.5,0.1,10000,100,100,0,0,Pipe 19,7,0
19,3,3,4,5,0,2.5,0.1,10000,100,100,0,0,Pipe 19,8,0
19,3,3,4,5,0,2.5,0.1,10000,100,100,0,0,Pipe 19,9,0
19,3,3,4,5,0,2.5,0.1,10000,100,100,0,0,Pipe 19,10,0
19,3,3,4,5,0,2.5,0.1,10000,100,100,0,0,Pipe 19,11,0
19,3,3,4,5,0,2.5,0.1,10000,100,100,0,0,Pipe 19,12,0
19,3,3,4,5,0,2.5,0.1,10000,100,100,0,0,Pipe 19,13,0
19,3,3,4,5,0,2.5,0.1,10000,100,100,0,0,Pipe 19,14,0
19,3,3,4,5,0,2.5,0.1,10000,100,100,0,0,Pipe 19,15,0
19,3,3,4,5,0,2.5,0.1,10000,100,100,0,0,Pipe 19,16,0
19,3,3,4,5,0,2.5,0.1,10000,100,100,0,0,Pipe 19,17,0
19,3,3,4,5,0,2.5,0.1,10000,100,100,0,0,Pipe 19,18,0
19,3,3,4,5,0,2.5,0.1,10000,100,100,0,0,Pipe 19,19,0
19,3,3,4,5,0,2.5,0.1,10000,100,100,0,0,Pipe 19,20,0
19,3,3,4,5,0,2.5,0.1,10000,100,100,0,0,Pipe 19,21,0
19,3,3,4,5,0,2.5,0.1,10000,100,100,0,0,Pipe 19,22,0
19,3,3,4,5,0,2.5,0.1,10000,100,100,0,0,Pipe 19,23,0
19,3,3,4,5,0,2.5,0.1,10000,100,100,0,0,Pipe 19,24,0
20,6,4,5,8,0,2.5,0.1,2000,100,100,0,0,Pipe 20,1,1
20,6,4,5,8,0,2.5,0.1,2000,100,100,0,0,Pipe 20,2,0
20,6,4,5,8,0,2.5,0.1,2000,100,100,0,0,Pipe 20,3,0
20,6,4,5,8,0,2.5,0.1,2000,100,100,0,0,Pipe 20,4,0
20,6,4,5,8,0,2.5,0.1,2000,100,100,0,0,Pipe 20,5,0
20,6,4,5,8,0,2.5,0.1,2000,100,100,0,0,Pipe 20,6,0
20,6,4,5,8,0,2.5,0.1,2000,100,100,0,0,Pipe 20,7,0
20,6,4,5,8,0,2.5,0.1,2000,100,100,0,0,Pipe 20,8,0
20,6,4,5,8,0,2.5,0.1,2000,100,100,0,0,Pipe 20,9,0
20,6,4,5,8,0,2.5,0.1,2000,100,100,0,0,Pipe 20,10,0
20,6,4,5,8,0,2.5,0.1,2000,100,100,0,0,Pipe 20,11,0
20,6,4,5,8,0,2.5,0.1,2000,100,100,0,0,Pipe 20,12,0
20,6,4,5,8,0,2.5,0.1,2000,100,100,0,0,Pipe 20,13,0
20,6,4,5,8,0,2.5,0.1,2000,100,100,0,0,Pipe 20,14,0
20,6,4,5,8,0,2.5,0.1,2000,100,100,0,0,Pipe 20,15,0
20,6,4,5,8,0,2.5,0.1,2000,100,100,0,0,Pipe 20,16,0
20,6,4,5,8,0,2.5,0.1,2000,100,100,0,0,Pipe 20,17,0
20,6,4,5,8,0,2.5,0.1,2000,100,100,0,0,Pipe 20,18,0
20,6,4,5,8,0,2.5,0.1,2000,100,100,0,0,Pipe 20,19,0
20,6,4,5,8,0,2.5,0.1,2000,100,100,0,0,Pipe 20,20,0
20,6,4,5,8,0,2.5,0.1,2000,100,100,0,0,Pipe 20,21,0
20,6,4,5,8,0,2.5,0.1,2000,100,100,0,0,Pipe 20,22,0
20,6,4,5,8,0,2.5,0.1,2000,100,100,0,0,Pipe 20,23,0
20,6,4,5,8,0,2.5,0.1,2000,100,100,0,0,Pipe 20,24,0
21,4,5,5,5,0,2.5,0.1,0,100,100,0,0,Pipe 21,1,0
21,4,5,5,5,0,2.5,0.1,0,100,100,0,0,Pipe 21,2,0
21,4,5,5,5,0,2.5,0.1,0,100,100,0,0,Pipe 21,3,0
21,4,5,5,5,0,2.5,0.1,0,100,100,0,0,Pipe 21,4,0
21,4,5,5,5,0,2.5,0.1,0,100,100,0,0,Pipe 21,5,0
21,4,5,5,5,0,2.5,0.1,0,100,100,0,0,Pipe 21,6,0
21,4,5,5,5,0,2.5,0.1,0,100,100,0,0,Pipe 21,7,0
21,4,5,5,5,0,2.5,0.1,0,100,100,0,0,Pipe 21,8,0
21,4,5,5,5,0,2.5,0.1,0,100,100,0,0,Pipe 21,9,0
21,4,5,5,5,0,2.5,0.1,0,100,100,0,0,Pipe 21,10,0
21,4,5,5,5,0,2.5,0.1,0,100,100,0,0,Pipe 21,11,0
21,4,5,5,5,0,2.5,0.1,0,100,100,0,0,Pipe 21,12,0
21,4,5,5,5,0,2.5,0.1,0,100,100,0,0,Pipe 21,13,0
21,4,5,5,5,0,2.5,0.1,0,100,100,0,0,Pipe 21,14,0
21,4,5,5,5,0,2.5,0.1,0,100,100,0,0,Pipe 21,15,0
21,4,5,5,5,0,2.5,0.1,0,100,100,0,0,Pipe 21,16,0
21,4,5,5,5,0,2.5,0.1,0,100,100,0,0,Pipe 21,17,0
21,4,5,5,5,0,2.5,0.1,0,100,100,0,0,Pipe 21,18,0
21,4,5,5,5,0,2.5,0.1,0,100,100,0,0,Pipe 21,19,0
21,4,5,5,5,0,2.5,0.1,0,100,100,0,0,Pipe 21,20,0
21,4,5,5,5,0,2.5,0.1,0,100,100,0,0,Pipe 21,21,0
21,4,5,5,5,0,2.5,0.1,0,100,100,0,0,Pipe 21,22,0
21,4,5,5,5,0,2.5,0.1,0,100,100,0,0,Pipe 21,23,0
21,4,5,5,5,0,2.5,0.1,0,100,100,0,0,Pipe 21,24,0
